metric,top_mean,bottom_mean,difference,percent_improvement,t_statistic,p_value,significant
actual_completion,0.8030942334739803,0.43741209563994377,0.3656821378340366,83.60128617363344,15.325894364564784,3.530110430261008e-49,True
expected_points_added,0.4802928188390494,-0.2829165343504988,0.7632093531895482,269.7648459966025,8.45302465512682,6.941289296356425e-17,True
yards_gained,9.20675105485232,5.410689170182841,3.79606188466948,70.15856511567455,8.500271592895146,4.716756002917768e-17,True
temporal_error_abs,0.0,0.7890295358649789,-0.7890295358649789,-100.0,-29.076413834876995,3.2058320787524224e-146,True
spatial_error_abs,1.4538203486966192,7.622585540316474,-6.168765191619855,-80.9274642966321,-42.46943694545645,4.456668234582099e-255,True
