score_bin,n_plays,completion_rate,completions,mean_epa,std_epa,total_epa,mean_yards,std_yards,mean_rts,std_rts,mean_temporal,mean_spatial,mean_temporal_error,mean_spatial_error
Poor,573,0.41710296684118675,239,-0.3154266092441304,1.9454637411514626,-180.73944709688672,5.294938917975567,8.287360344134624,15.375410006675432,6.026360645061847,14.49106994319962,16.259750070151245,0.8577661431064573,8.054943859689097
Below Avg,623,0.5906902086677368,368,-0.15091256838042702,1.6240342755533566,-94.01853010100604,5.821829855537721,7.391794259157796,32.780037618470615,4.076130264725656,24.98481823956717,40.57525699737406,0.5134831460674157,4.742334847313986
Average,1895,0.5910290237467019,1120,0.12976871409052906,1.7307979001280058,245.91171320155257,7.529287598944591,9.911597756343715,52.46735501353111,5.1899377870010195,65.39402432488657,39.54068570217566,0.18021108179419526,6.57585548268964
Above Avg,1718,0.740395809080326,1272,0.4127763051191651,1.57862269078939,709.1496921947256,8.947613504074505,9.26970143612145,67.30159441399032,4.332096568550825,92.39657070116678,42.20661812681386,0.02433061699650757,4.99930251816081
Elite,2298,0.7941688424717145,1825,0.4236351803498376,1.5348048628820044,973.5136444439268,8.850739773716276,8.128104811617499,87.3624291338144,7.290618339098514,99.31613647726641,75.4087217903624,0.002349869451697128,2.6760642455267147
