predictor,auc,mean_complete,mean_incomplete,difference
RTS Score,0.64647197651689,66.38573473149366,54.663131024436765,11.72260370705689
Temporal Score,0.5631037305079218,78.31083467743639,68.76256002705799,9.548274650378403
Spatial Score,0.6388379499785348,54.46063478555093,40.56370202181555,13.896932763735379
CP (Timing),0.7412149447680564,0.7215012036554306,0.5734045670461195,0.14809663660931105
CP (Placement),0.7412149447680564,0.7215012036554306,0.5734045670461195,0.14809663660931105
